green_space_type,lat,lng,area,tree_density,canopy_cover,species_diversity,vegetation_health,carbon_sequestration,air_purification,water_filtration,temperature_regulation,biodiversity_support,recreational_value,walking_distance,public_transport,parking_available,wheelchair_accessible,opening_hours,visitor_capacity,overall_condition,last_maintenance,next_maintenance,budget_allocated
garden,39.078626,-116.672086,18.28,37.6,36.6,21.8,87.4,121.0,118.5,64.5,1.57,0.46,0.69,1605.0,True,True,False,06:00-22:00,792,fair,2024-12-23T15:04:15.921238,2025-12-30T15:04:15.921383,3736.54
community_garden,42.123903,-79.478957,27.31,136.2,27.5,46.7,65.0,405.4,175.4,27.7,3.15,0.69,0.55,743.0,False,False,True,06:00-22:00,320,poor,2024-07-19T15:04:15.921813,2025-09-23T15:04:15.921829,35914.35
rooftop_garden,39.061109,-75.620606,15.94,55.7,33.7,15.2,79.8,670.0,70.8,66.5,1.62,0.49,0.73,660.0,True,False,True,06:00-22:00,159,excellent,2025-06-24T15:04:15.921854,2025-09-05T15:04:15.921859,40507.03
park,41.318252,-79.611633,94.85,188.6,20.9,21.8,81.2,377.8,65.8,78.0,3.26,0.68,0.71,353.0,False,False,True,06:00-22:00,148,good,2024-07-14T15:04:15.921882,2025-10-16T15:04:15.921886,10385.77
community_garden,33.994806,-100.694656,45.76,39.0,26.4,16.2,78.3,936.7,82.2,53.6,1.5,0.86,0.75,1694.0,True,False,False,06:00-22:00,75,poor,2025-04-26T15:04:15.921901,2025-08-27T15:04:15.921904,31675.57
park,26.438378,-101.966605,25.99,88.5,47.0,30.8,81.2,480.3,63.0,43.1,4.15,0.38,0.58,1338.0,True,True,False,06:00-22:00,446,poor,2025-06-12T15:04:15.921919,2025-09-29T15:04:15.921922,44315.01
community_garden,38.656664,-104.50057,87.46,67.7,41.7,30.0,65.5,293.6,193.8,31.1,2.15,0.68,0.79,1709.0,False,False,False,06:00-22:00,565,excellent,2025-01-13T15:04:15.921936,2025-12-13T15:04:15.921940,22600.4
forest,38.143162,-88.323599,86.28,23.8,33.9,49.1,68.9,440.9,145.0,74.4,1.07,0.52,0.86,1529.0,False,False,False,06:00-22:00,317,fair,2025-05-30T15:04:15.921953,2025-12-26T15:04:15.921956,26771.98
rooftop_garden,37.846129,-75.638538,20.45,129.4,43.5,21.8,91.2,312.3,161.2,64.9,4.13,0.77,0.84,626.0,True,True,True,06:00-22:00,546,excellent,2025-02-21T15:04:15.921969,2025-08-19T15:04:15.921972,13797.89
park,45.131465,-71.365709,79.16,51.9,59.8,20.5,89.5,132.0,174.4,24.8,3.48,0.83,0.55,366.0,False,True,True,06:00-22:00,875,fair,2024-08-22T15:04:15.921986,2025-10-23T15:04:15.921989,12279.36
rooftop_garden,43.639814,-103.195498,56.48,28.5,47.4,11.2,85.8,498.2,139.5,78.3,3.23,0.5,0.77,1936.0,True,False,False,06:00-22:00,53,fair,2024-09-26T15:04:15.922002,2025-10-20T15:04:15.922005,19893.69
park,35.311346,-82.892462,59.33,147.6,79.6,27.7,89.5,561.7,166.9,53.3,2.34,0.54,0.74,959.0,True,True,True,06:00-22:00,219,good,2024-09-22T15:04:15.922018,2025-08-19T15:04:15.922021,27216.79
community_garden,30.219346,-74.690035,88.45,84.7,26.6,40.2,64.1,570.1,123.9,75.9,2.64,0.52,0.81,1452.0,True,False,True,06:00-22:00,450,fair,2025-05-16T15:04:15.922036,2025-12-01T15:04:15.922039,48353.24
park,31.129672,-76.419801,84.02,63.7,24.9,23.4,72.8,832.4,185.7,26.8,1.62,0.7,0.92,1650.0,False,True,False,06:00-22:00,375,good,2024-11-16T15:04:15.922052,2025-10-08T15:04:15.922055,33621.1
park,27.685085,-74.69965,32.49,50.0,57.4,17.3,63.9,275.2,185.3,39.2,2.63,0.8,0.55,102.0,False,False,False,06:00-22:00,793,excellent,2025-03-21T15:04:15.922068,2025-09-19T15:04:15.922071,25677.35
wetland,32.017937,-99.252927,77.92,150.7,62.1,41.7,86.6,883.2,165.9,85.3,2.86,0.8,0.73,318.0,True,True,False,06:00-22:00,459,fair,2025-02-20T15:04:15.922117,2025-08-22T15:04:15.922121,15169.41
park,43.674892,-86.165677,31.43,128.6,46.2,49.8,68.4,312.2,145.0,75.0,2.65,0.87,0.95,749.0,False,False,True,06:00-22:00,265,excellent,2025-06-04T15:04:15.922135,2025-11-03T15:04:15.922140,33420.14
park,30.485624,-101.105258,20.22,160.3,62.5,24.1,91.2,819.7,134.2,67.6,3.98,0.71,0.57,1014.0,True,False,False,06:00-22:00,380,fair,2025-07-07T15:04:15.922161,2025-12-12T15:04:15.922166,34304.22
wetland,33.705682,-94.287433,80.21,94.7,75.0,24.6,74.5,636.0,193.9,60.7,4.69,0.86,0.7,768.0,True,True,False,06:00-22:00,570,poor,2024-07-31T15:04:15.922181,2026-01-02T15:04:15.922184,17962.26
rooftop_garden,33.873246,-100.479245,28.86,154.2,54.8,34.4,82.4,188.4,186.9,80.4,2.42,0.55,0.91,1656.0,False,True,True,06:00-22:00,168,fair,2025-03-16T15:04:15.922198,2025-09-09T15:04:15.922201,18044.74
park,27.79921,-109.263905,61.35,60.7,70.0,33.6,64.8,520.4,66.7,77.7,3.7,0.46,0.56,1384.0,True,False,True,06:00-22:00,776,poor,2025-06-28T15:04:15.922215,2025-10-20T15:04:15.922218,19752.29
wetland,34.341142,-71.039555,63.72,134.1,54.1,37.6,70.6,246.9,172.7,45.4,4.51,0.77,0.87,860.0,True,False,True,06:00-22:00,873,excellent,2025-03-05T15:04:15.922231,2025-09-01T15:04:15.922234,37888.17
forest,39.862496,-83.041858,76.55,145.4,56.0,28.5,86.4,397.1,134.0,46.5,4.14,0.33,0.53,962.0,False,False,True,06:00-22:00,759,good,2025-01-27T15:04:15.922247,2025-11-12T15:04:15.922250,21900.06
rooftop_garden,34.642006,-101.087256,54.31,61.0,25.4,11.7,66.5,252.2,104.9,52.7,3.32,0.57,0.77,1458.0,True,False,True,06:00-22:00,393,fair,2024-11-28T15:04:15.922267,2025-08-10T15:04:15.922270,5993.04
park,30.097127,-93.948321,38.68,165.2,53.0,34.7,61.1,756.6,53.4,35.1,1.14,0.58,0.63,856.0,True,False,False,06:00-22:00,76,excellent,2025-01-09T15:04:15.922283,2025-08-15T15:04:15.922286,28931.49
community_garden,27.437994,-112.841021,90.86,194.4,66.0,46.8,74.2,133.7,188.2,94.2,3.47,0.76,0.91,584.0,True,True,False,06:00-22:00,223,poor,2024-07-10T15:04:15.922300,2025-10-29T15:04:15.922303,23152.73
park,43.329524,-101.145536,66.24,161.8,25.6,9.2,73.1,954.7,79.4,45.0,4.46,0.71,0.65,1972.0,True,False,True,06:00-22:00,601,good,2024-08-20T15:04:15.922317,2025-08-25T15:04:15.922320,16858.94
forest,48.322716,-76.786496,51.03,29.3,63.6,14.6,65.9,257.6,143.6,47.6,2.76,0.42,0.99,1154.0,True,False,False,06:00-22:00,727,fair,2024-08-23T15:04:15.922333,2025-10-20T15:04:15.922336,49875.3
wetland,33.584785,-106.542961,74.81,68.1,73.4,31.9,85.0,432.1,76.0,72.3,1.1,0.45,0.76,1464.0,False,True,True,06:00-22:00,453,good,2024-10-31T15:04:15.922350,2025-09-10T15:04:15.922353,37691.71
forest,30.419092,-98.209119,69.14,184.0,20.8,29.2,76.2,211.3,146.6,76.3,1.24,0.51,0.86,312.0,True,True,True,06:00-22:00,190,fair,2025-05-26T15:04:15.922367,2025-08-12T15:04:15.922370,30713.23
wetland,29.046507,-75.016269,98.7,154.6,32.0,18.5,81.0,899.1,67.5,39.3,2.18,0.58,0.55,188.0,True,True,False,06:00-22:00,838,good,2024-12-02T15:04:15.922382,2025-08-22T15:04:15.922385,11804.68
forest,39.080444,-82.19559,23.71,21.6,63.5,39.4,88.1,749.3,172.0,22.6,2.61,0.85,0.62,632.0,False,False,True,06:00-22:00,621,good,2024-11-19T15:04:15.922399,2025-11-07T15:04:15.922402,35092.05
wetland,29.533271,-118.290587,88.57,172.4,43.7,5.1,87.6,170.8,62.3,50.0,4.53,0.87,0.88,937.0,True,False,True,06:00-22:00,903,good,2024-09-22T15:04:15.922415,2025-12-29T15:04:15.922418,33751.0
wetland,43.149555,-91.387261,81.28,114.6,36.6,5.1,74.1,305.9,75.5,66.4,2.06,0.42,0.87,1620.0,False,True,True,06:00-22:00,950,poor,2025-02-05T15:04:15.922431,2025-08-14T15:04:15.922434,43731.11
park,37.17294,-97.346255,50.66,154.9,30.0,20.6,85.4,726.4,196.9,22.2,2.49,0.84,0.9,1171.0,True,True,True,06:00-22:00,100,good,2025-04-06T15:04:15.922447,2025-10-01T15:04:15.922450,31889.36
rooftop_garden,28.807207,-82.801035,78.01,121.8,64.1,15.7,60.2,945.1,74.0,27.9,1.57,0.32,0.94,911.0,False,True,False,06:00-22:00,858,fair,2025-01-10T15:04:15.922463,2025-09-30T15:04:15.922466,24027.63
community_garden,30.88293,-107.255097,41.42,12.6,40.5,19.2,75.5,154.8,80.3,31.7,2.16,0.78,0.98,760.0,True,True,True,06:00-22:00,57,poor,2024-10-11T15:04:15.922481,2025-09-05T15:04:15.922485,41245.36
community_garden,41.436086,-71.770244,85.07,24.6,24.5,20.5,72.9,567.8,60.3,30.2,1.16,0.66,0.5,417.0,False,False,True,06:00-22:00,246,poor,2025-04-01T15:04:15.922498,2025-12-13T15:04:15.922501,28944.89
community_garden,43.087373,-94.137159,80.97,132.4,42.8,34.5,83.1,139.1,149.5,87.1,4.48,0.49,0.88,1224.0,False,False,False,06:00-22:00,559,fair,2024-11-01T15:04:15.922514,2025-12-08T15:04:15.922517,23299.25
community_garden,33.409506,-78.73642,38.07,191.3,62.1,8.0,79.0,309.7,147.0,61.2,1.27,0.51,0.77,1652.0,False,True,False,06:00-22:00,216,poor,2024-10-06T15:04:15.922531,2025-10-26T15:04:15.922534,2704.53
forest,45.43233,-70.412953,68.37,154.1,41.7,22.0,76.9,428.0,176.3,84.4,3.06,0.74,0.98,1701.0,True,True,False,06:00-22:00,829,poor,2024-07-29T15:04:15.922547,2025-08-27T15:04:15.922551,37438.7
garden,47.819555,-110.15832,59.61,55.4,25.3,48.6,65.4,714.2,75.6,53.2,2.57,0.49,0.89,349.0,False,True,False,06:00-22:00,786,good,2024-08-27T15:04:15.922565,2025-11-28T15:04:15.922568,18661.56
wetland,35.006607,-84.869108,45.99,68.0,49.6,36.9,86.2,830.3,103.7,52.2,3.66,0.4,0.62,635.0,True,True,False,06:00-22:00,461,excellent,2025-01-07T15:04:15.922581,2025-10-18T15:04:15.922584,3737.46
park,29.217452,-107.524575,42.08,37.8,61.0,35.7,64.9,979.2,116.0,93.8,3.87,0.8,0.93,493.0,True,False,False,06:00-22:00,150,fair,2024-10-06T15:04:15.922597,2025-12-23T15:04:15.922600,11700.76
rooftop_garden,26.912766,-111.050016,83.36,141.1,70.7,25.0,93.3,887.0,88.0,58.2,1.35,0.51,0.94,1575.0,False,True,False,06:00-22:00,723,poor,2025-04-14T15:04:15.922615,2025-09-04T15:04:15.922618,22959.53
wetland,48.8591,-101.821277,2.34,43.5,54.6,16.6,70.1,949.8,100.8,55.8,3.26,0.68,0.53,272.0,False,False,False,06:00-22:00,651,good,2025-05-11T15:04:15.922631,2025-08-17T15:04:15.922633,15861.4
garden,34.114893,-110.839033,84.24,171.4,38.1,6.3,85.3,805.7,103.3,37.8,4.99,0.89,0.85,1264.0,True,True,True,06:00-22:00,181,good,2025-01-04T15:04:15.922647,2025-09-24T15:04:15.922650,43139.67
rooftop_garden,28.420675,-87.665529,9.7,133.0,67.7,13.7,81.6,757.5,177.8,96.0,3.09,0.48,0.71,1401.0,False,False,False,06:00-22:00,489,good,2024-08-03T15:04:15.922663,2026-01-02T15:04:15.922666,6032.69
rooftop_garden,44.044502,-85.787156,48.16,180.0,35.9,6.1,91.4,323.0,69.8,94.5,1.93,0.82,0.93,1063.0,True,False,True,06:00-22:00,831,good,2025-04-30T15:04:15.922680,2025-09-08T15:04:15.922683,30519.71
rooftop_garden,25.151504,-106.924545,9.78,176.0,20.2,43.1,65.5,565.8,105.6,88.6,1.56,0.57,0.85,873.0,True,False,False,06:00-22:00,400,excellent,2024-07-13T15:04:15.922696,2025-12-16T15:04:15.922699,29069.59
wetland,43.692852,-72.995643,24.33,85.9,40.3,11.7,63.4,964.1,199.0,30.1,2.9,0.61,0.83,1304.0,True,True,False,06:00-22:00,853,excellent,2025-07-03T15:04:15.922712,2025-08-22T15:04:15.922715,39148.97
park,48.905905,-74.415479,26.18,114.3,67.6,27.5,84.9,291.8,157.8,98.2,2.64,0.32,0.67,1316.0,True,True,False,06:00-22:00,277,excellent,2024-11-12T15:04:15.922728,2025-11-14T15:04:15.922731,43381.85
rooftop_garden,40.257622,-86.318183,44.4,69.3,47.8,42.3,73.9,822.1,159.7,35.1,3.83,0.51,0.59,1425.0,False,True,True,06:00-22:00,213,fair,2024-10-29T15:04:15.922744,2025-12-04T15:04:15.922747,43405.59
rooftop_garden,37.794957,-116.992929,36.69,164.0,52.1,49.8,61.3,771.0,163.9,87.7,2.14,0.69,0.63,1400.0,False,False,False,06:00-22:00,99,good,2025-03-25T15:04:15.922761,2025-10-31T15:04:15.922764,39220.35
garden,43.809952,-95.420278,46.32,67.5,29.5,20.0,86.4,725.6,65.5,82.3,4.29,0.52,0.94,1244.0,False,False,True,06:00-22:00,691,excellent,2025-02-06T15:04:15.922777,2025-12-15T15:04:15.922780,2317.72
park,31.941837,-94.995501,83.12,159.0,73.8,19.8,77.1,889.5,163.1,53.0,3.95,0.39,0.65,1861.0,True,False,False,06:00-22:00,985,excellent,2025-01-31T15:04:15.922795,2025-10-27T15:04:15.922798,2419.86
forest,46.851117,-100.19283,12.31,75.2,32.3,42.2,63.7,864.8,100.5,44.1,4.3,0.49,0.99,1431.0,False,False,True,06:00-22:00,249,good,2025-06-23T15:04:15.922812,2025-08-25T15:04:15.922815,3466.58
community_garden,47.596196,-79.430521,76.17,32.7,25.3,12.0,60.3,379.0,102.4,55.5,1.38,0.33,0.79,1596.0,False,True,False,06:00-22:00,843,good,2025-05-06T15:04:15.922828,2025-10-10T15:04:15.922832,29864.27
garden,42.799007,-92.158817,52.2,133.2,65.4,31.0,71.0,893.5,70.9,58.4,1.09,0.84,0.65,541.0,True,True,True,06:00-22:00,180,good,2024-12-09T15:04:15.922845,2025-12-29T15:04:15.922848,43312.79
wetland,31.771166,-76.152844,40.42,22.7,57.3,28.9,85.1,220.5,80.1,91.2,2.49,0.37,0.92,1856.0,False,False,False,06:00-22:00,270,excellent,2025-04-17T15:04:15.922862,2025-09-02T15:04:15.922865,23366.36
rooftop_garden,25.691551,-76.710215,30.07,137.3,76.1,29.0,86.9,736.1,138.3,42.2,4.35,0.81,0.93,1151.0,True,False,False,06:00-22:00,259,good,2025-04-29T15:04:15.922880,2025-12-30T15:04:15.922884,33746.24
garden,41.782554,-86.318404,44.43,157.7,66.6,10.4,74.4,550.2,51.1,49.4,2.6,0.61,0.7,1749.0,False,True,False,06:00-22:00,441,fair,2025-02-08T15:04:15.922897,2025-11-24T15:04:15.922900,2327.03
wetland,44.579604,-85.692601,38.81,136.4,66.1,10.4,73.2,485.7,106.7,26.2,4.98,0.4,0.99,430.0,False,False,True,06:00-22:00,390,excellent,2025-05-13T15:04:15.922915,2025-12-08T15:04:15.922919,42405.95
park,41.980586,-106.537913,74.2,141.1,75.4,23.7,73.0,677.6,185.9,82.0,3.35,0.63,0.85,349.0,True,False,True,06:00-22:00,329,excellent,2024-08-14T15:04:15.922932,2025-10-22T15:04:15.922935,3630.95
garden,28.597925,-92.15453,7.96,54.7,51.3,6.0,68.1,130.4,132.6,65.4,2.97,0.55,0.51,1157.0,True,False,False,06:00-22:00,370,excellent,2024-09-19T15:04:15.922948,2025-08-28T15:04:15.922951,31048.79
park,34.36561,-84.679698,29.52,63.8,53.0,22.8,76.6,328.3,93.3,76.3,1.04,0.76,0.65,500.0,False,False,False,06:00-22:00,485,poor,2025-01-08T15:04:15.922965,2025-11-03T15:04:15.922968,34299.19
wetland,45.450909,-74.6486,6.3,137.9,71.9,41.7,76.4,107.8,167.5,64.7,4.8,0.49,0.76,848.0,False,True,False,06:00-22:00,147,good,2025-02-01T15:04:15.922983,2025-09-11T15:04:15.922986,46964.39
wetland,28.06986,-73.134065,5.32,48.5,79.0,23.9,61.3,272.9,190.7,55.8,4.09,0.62,0.91,360.0,True,True,True,06:00-22:00,926,good,2025-04-04T15:04:15.922999,2025-11-05T15:04:15.923002,45141.47
garden,45.742234,-70.948217,39.28,117.2,75.9,45.7,62.0,635.5,104.7,73.1,2.09,0.86,0.99,457.0,False,False,True,06:00-22:00,562,fair,2024-09-08T15:04:15.923015,2025-11-17T15:04:15.923018,24992.89
forest,27.840416,-75.840232,9.38,45.2,33.2,5.9,68.4,394.1,142.4,38.8,3.28,0.55,0.52,1452.0,False,True,False,06:00-22:00,337,fair,2025-03-09T15:04:15.923031,2026-01-04T15:04:15.923034,12436.42
rooftop_garden,43.971251,-108.278102,94.01,196.7,66.2,8.5,93.6,356.1,144.2,77.6,2.05,0.45,0.54,1960.0,False,False,True,06:00-22:00,447,poor,2025-04-25T15:04:15.923047,2025-11-02T15:04:15.923050,12815.93
rooftop_garden,37.135088,-112.671478,57.12,180.1,51.3,14.4,83.4,930.8,69.8,46.9,3.08,0.47,0.63,1366.0,False,False,False,06:00-22:00,568,fair,2025-05-23T15:04:15.923063,2025-10-10T15:04:15.923066,38954.34
park,46.567111,-86.124397,11.94,157.3,28.4,6.9,77.1,213.0,104.2,48.7,4.41,0.71,0.93,1422.0,True,False,True,06:00-22:00,361,good,2025-06-07T15:04:15.923079,2025-10-16T15:04:15.923082,16082.63
wetland,40.067932,-93.748377,35.94,190.8,37.3,39.0,66.3,802.0,63.2,39.3,4.25,0.56,0.63,682.0,False,True,True,06:00-22:00,568,good,2024-09-02T15:04:15.923096,2025-08-25T15:04:15.923099,20808.41
wetland,32.266689,-91.560098,29.13,40.9,50.0,43.0,75.9,972.2,79.9,46.2,3.82,0.5,0.74,356.0,False,False,True,06:00-22:00,637,excellent,2024-08-21T15:04:15.923112,2025-09-30T15:04:15.923115,44002.19
rooftop_garden,40.203524,-92.873159,48.62,143.0,34.3,17.8,93.6,265.6,163.1,99.9,3.26,0.41,0.65,512.0,True,False,False,06:00-22:00,385,fair,2025-01-28T15:04:15.923128,2025-11-11T15:04:15.923131,1032.46
park,35.12109,-116.999823,44.0,25.8,73.6,24.7,89.8,958.4,110.2,60.6,3.41,0.49,0.73,1857.0,True,False,True,06:00-22:00,220,poor,2024-07-24T15:04:15.923144,2025-10-09T15:04:15.923147,37166.67
community_garden,27.057194,-119.819626,14.92,75.1,66.4,24.2,60.3,404.6,89.3,20.6,1.21,0.43,0.89,1024.0,False,True,True,06:00-22:00,852,fair,2025-03-20T15:04:15.923162,2025-08-24T15:04:15.923165,19468.73
park,39.677275,-70.590389,94.56,117.7,33.6,37.0,91.0,512.3,94.5,43.3,3.75,0.3,0.97,1570.0,False,True,True,06:00-22:00,290,fair,2024-09-28T15:04:15.923178,2025-11-16T15:04:15.923181,5451.49
community_garden,25.677608,-91.057693,49.59,72.1,61.5,13.9,89.5,960.2,144.9,27.9,1.42,0.7,0.82,502.0,False,True,True,06:00-22:00,530,excellent,2025-05-06T15:04:15.923196,2025-11-22T15:04:15.923200,12374.38
park,37.706671,-70.114312,8.35,128.2,48.2,45.0,76.6,795.2,172.3,25.3,1.68,0.31,0.8,960.0,True,True,False,06:00-22:00,598,fair,2025-04-02T15:04:15.923214,2025-09-16T15:04:15.923217,32517.8
wetland,45.180481,-105.166027,10.72,105.8,54.0,35.4,64.9,331.5,130.0,66.9,2.81,0.56,0.68,1996.0,True,True,False,06:00-22:00,224,good,2025-02-10T15:04:15.923230,2025-09-06T15:04:15.923233,46720.66
rooftop_garden,42.629313,-91.727423,87.85,61.2,62.7,25.8,84.8,508.4,132.5,90.1,3.55,0.45,0.52,859.0,True,True,False,06:00-22:00,203,excellent,2024-08-21T15:04:15.923246,2025-09-30T15:04:15.923249,26326.08
garden,39.483381,-115.00202,97.1,192.0,39.1,7.1,60.6,955.0,99.9,72.0,2.87,0.89,0.61,1638.0,True,True,False,06:00-22:00,336,excellent,2024-12-24T15:04:15.923263,2025-10-08T15:04:15.923267,48207.63
rooftop_garden,49.209143,-72.166888,99.92,162.6,26.4,44.2,64.7,103.1,194.5,94.0,2.81,0.3,0.69,1180.0,True,False,True,06:00-22:00,917,good,2025-03-22T15:04:15.923282,2025-11-28T15:04:15.923285,18087.63
community_garden,48.96378,-105.197968,18.59,90.4,41.9,43.5,70.5,731.8,195.3,27.6,3.6,0.61,0.59,447.0,False,False,True,06:00-22:00,60,fair,2025-06-20T15:04:15.923300,2025-11-02T15:04:15.923303,34570.79
rooftop_garden,31.824032,-86.633168,36.57,72.1,41.9,46.3,94.8,936.3,132.0,68.3,1.76,0.69,0.66,596.0,True,False,True,06:00-22:00,549,fair,2025-03-31T15:04:15.923316,2025-11-12T15:04:15.923319,2073.51
wetland,42.465877,-97.540699,56.92,171.2,59.1,42.0,80.6,251.2,101.9,86.2,2.6,0.38,0.83,1648.0,True,True,False,06:00-22:00,280,poor,2025-05-29T15:04:15.923333,2025-10-08T15:04:15.923336,1447.04
garden,40.400023,-98.164879,57.72,151.7,70.5,20.2,72.5,846.5,117.7,87.1,3.87,0.75,0.89,910.0,True,False,False,06:00-22:00,357,fair,2025-06-30T15:04:15.923350,2025-10-05T15:04:15.923353,25140.65
park,34.007619,-113.527069,28.95,14.4,31.3,45.4,91.0,315.9,107.5,88.6,4.67,0.6,0.73,1062.0,False,True,True,06:00-22:00,929,excellent,2024-10-16T15:04:15.923366,2025-08-31T15:04:15.923369,27251.75
wetland,45.700487,-114.13897,66.81,103.3,66.7,9.3,85.1,681.0,167.6,34.7,4.74,0.61,0.59,340.0,False,True,True,06:00-22:00,262,good,2024-12-26T15:04:15.923381,2026-01-03T15:04:15.923385,26812.9
wetland,33.316505,-99.935512,99.14,11.2,22.0,20.3,85.8,269.6,137.4,67.5,1.21,0.5,0.56,974.0,True,False,False,06:00-22:00,283,poor,2024-09-29T15:04:15.923398,2025-12-19T15:04:15.923401,14774.23
park,42.067956,-93.637134,1.9,26.3,70.1,37.5,92.0,885.8,103.3,94.8,1.82,0.51,0.9,539.0,False,False,False,06:00-22:00,59,poor,2024-07-27T15:04:15.923415,2025-11-24T15:04:15.923419,16502.58
community_garden,46.123258,-86.833312,95.85,127.2,54.5,26.7,63.4,120.4,185.8,44.8,1.22,0.6,0.97,1929.0,True,True,True,06:00-22:00,911,excellent,2024-09-27T15:04:15.923433,2025-11-24T15:04:15.923436,44381.43
rooftop_garden,33.361348,-98.149782,81.48,36.7,53.1,18.0,72.5,945.8,155.6,29.4,3.83,0.4,0.57,1901.0,True,False,True,06:00-22:00,292,good,2024-09-04T15:04:15.923453,2025-11-12T15:04:15.923456,6862.59
community_garden,38.553758,-73.377863,95.22,18.9,69.7,35.5,60.8,766.6,70.7,50.0,2.23,0.9,0.96,1723.0,False,True,False,06:00-22:00,681,poor,2025-05-31T15:04:15.923469,2025-10-31T15:04:15.923472,14715.79
garden,28.331455,-96.957303,61.35,139.5,30.4,37.5,63.8,880.1,125.7,87.2,1.25,0.5,0.73,1812.0,True,True,False,06:00-22:00,794,good,2025-02-26T15:04:15.923486,2025-12-05T15:04:15.923489,36781.01
garden,30.797074,-94.802942,97.65,26.5,20.4,6.5,91.3,346.3,193.1,80.7,4.83,0.31,0.95,1328.0,True,False,False,06:00-22:00,274,fair,2024-07-28T15:04:15.923502,2025-09-24T15:04:15.923505,18406.43
park,28.705073,-87.115641,82.43,126.0,61.6,22.6,73.4,881.0,153.1,34.2,3.58,0.9,0.78,1947.0,False,False,True,06:00-22:00,804,poor,2024-08-16T15:04:15.923518,2025-10-19T15:04:15.923521,15879.1
wetland,35.448806,-102.532358,51.35,98.3,67.7,29.3,78.6,364.6,61.7,41.2,2.01,0.89,0.67,1854.0,True,False,False,06:00-22:00,297,poor,2025-02-04T15:04:15.923541,2025-12-04T15:04:15.923544,38514.2
wetland,33.522538,-71.765703,24.36,130.5,21.3,10.3,90.5,165.5,147.0,45.5,2.77,0.4,0.85,1668.0,True,True,False,06:00-22:00,634,poor,2024-10-05T15:04:15.923558,2025-10-03T15:04:15.923562,33247.87
community_garden,41.050159,-84.913612,9.73,104.4,23.3,26.2,90.8,544.6,60.2,94.4,4.5,0.56,0.84,1456.0,False,False,True,06:00-22:00,422,poor,2025-01-18T15:04:15.923576,2025-08-25T15:04:15.923579,37872.53
rooftop_garden,27.823438,-73.878558,74.71,130.5,49.4,42.3,90.5,570.4,197.2,40.8,3.79,0.38,0.68,361.0,True,True,False,06:00-22:00,506,excellent,2025-03-01T15:04:15.923592,2025-09-22T15:04:15.923595,15869.12
wetland,32.270653,-84.113481,77.02,168.0,20.3,49.5,80.8,455.9,93.6,61.1,1.77,0.43,0.93,470.0,False,True,True,06:00-22:00,853,good,2025-06-15T15:04:15.923611,2025-12-11T15:04:15.923615,36784.62
wetland,43.923233,-111.534327,95.31,115.5,51.7,32.4,77.5,751.5,69.3,97.9,3.55,0.85,0.8,1986.0,True,True,True,06:00-22:00,372,poor,2024-08-19T15:04:15.923633,2025-12-09T15:04:15.923636,17338.71
wetland,39.20037,-102.745687,31.81,151.2,34.0,46.9,69.3,577.9,56.8,86.2,3.62,0.32,0.72,1437.0,False,False,False,06:00-22:00,645,excellent,2025-01-08T15:04:15.923649,2025-12-23T15:04:15.923653,42115.27
forest,30.899562,-96.024883,42.46,34.4,58.9,11.2,88.7,916.8,148.6,46.1,1.04,0.8,0.52,1989.0,False,True,False,06:00-22:00,768,fair,2024-08-01T15:04:15.923666,2025-10-01T15:04:15.923669,23037.76
garden,29.562909,-92.350577,61.38,33.5,29.3,8.5,70.6,591.8,53.0,63.2,2.8,0.36,0.88,882.0,False,True,True,06:00-22:00,560,good,2025-03-04T15:04:15.923682,2025-08-30T15:04:15.923685,22991.47
community_garden,49.929149,-76.148958,55.6,189.2,64.3,32.7,66.6,595.5,87.7,75.4,4.05,0.38,0.91,935.0,False,False,False,06:00-22:00,244,fair,2024-08-18T15:04:15.923698,2025-11-02T15:04:15.923701,31618.8
park,45.512205,-93.188368,8.4,21.0,71.8,39.8,92.1,208.2,137.1,49.8,1.75,0.69,0.92,1712.0,False,True,True,06:00-22:00,941,fair,2024-07-16T15:04:15.923722,2025-11-24T15:04:15.923726,13614.52
community_garden,32.768251,-103.971771,17.57,65.5,43.1,40.0,88.5,583.3,155.0,37.7,3.57,0.46,0.59,821.0,True,False,False,06:00-22:00,308,fair,2024-12-22T15:04:15.923744,2025-09-07T15:04:15.923747,10068.8
rooftop_garden,33.654986,-96.090786,74.46,41.7,59.2,16.4,78.2,180.2,124.9,56.8,2.95,0.48,0.58,1115.0,False,False,True,06:00-22:00,903,good,2024-11-27T15:04:15.923761,2025-12-03T15:04:15.923764,36562.33
forest,31.839833,-74.190034,62.11,143.0,60.6,47.4,62.3,612.9,179.7,74.0,1.81,0.69,0.6,1201.0,True,True,True,06:00-22:00,269,excellent,2025-03-17T15:04:15.923777,2025-12-19T15:04:15.923780,45598.87
garden,39.043527,-109.117613,50.89,90.8,66.9,38.6,69.3,939.8,185.3,38.2,4.66,0.63,0.87,693.0,True,False,True,06:00-22:00,79,poor,2025-02-23T15:04:15.923794,2025-11-25T15:04:15.923797,31854.59
wetland,43.077803,-104.747361,98.55,183.9,68.7,21.1,86.0,398.1,197.3,98.5,3.1,0.56,0.98,1741.0,True,False,True,06:00-22:00,406,fair,2025-07-03T15:04:15.923811,2025-08-23T15:04:15.923814,32105.98
park,25.384245,-78.395744,69.91,186.3,35.5,48.7,71.3,543.2,110.3,90.9,1.73,0.87,0.94,1201.0,False,False,True,06:00-22:00,103,fair,2024-09-13T15:04:15.923827,2025-12-03T15:04:15.923831,22678.39
wetland,42.022203,-82.240657,65.78,164.7,78.9,17.6,60.3,377.2,130.2,68.2,4.31,0.73,0.59,1908.0,True,False,False,06:00-22:00,54,fair,2024-08-04T15:04:15.923847,2025-10-27T15:04:15.923850,25666.39
forest,31.37557,-112.084606,92.05,91.1,41.6,19.1,60.2,917.2,169.7,25.3,3.78,0.69,0.54,566.0,False,False,True,06:00-22:00,538,good,2024-09-14T15:04:15.923866,2025-10-13T15:04:15.923869,22407.54
garden,42.059024,-91.541595,30.42,85.7,33.0,37.4,79.8,165.6,114.1,55.0,1.17,0.86,0.88,486.0,False,True,True,06:00-22:00,697,fair,2025-01-10T15:04:15.923883,2025-09-14T15:04:15.923886,2604.33
rooftop_garden,33.14981,-118.669577,67.81,73.6,48.6,5.3,74.4,336.7,123.7,29.0,1.18,0.6,0.99,1739.0,False,True,False,06:00-22:00,89,poor,2024-07-26T15:04:15.923901,2025-09-08T15:04:15.923904,6420.81
wetland,49.616626,-95.121678,32.5,167.7,63.5,38.5,63.0,985.7,134.8,60.4,1.13,0.67,0.68,1335.0,True,False,False,06:00-22:00,461,fair,2025-01-21T15:04:15.923920,2025-08-20T15:04:15.923923,29837.09
rooftop_garden,32.139832,-114.229896,89.91,35.0,54.5,41.8,89.5,120.5,73.3,65.8,4.82,0.71,0.64,341.0,True,False,False,06:00-22:00,975,poor,2024-11-27T15:04:15.923938,2025-09-03T15:04:15.923942,3475.65
wetland,37.276491,-76.966113,90.06,93.2,48.3,31.4,66.4,377.8,149.5,86.9,4.64,0.35,0.52,1957.0,True,False,True,06:00-22:00,350,fair,2025-03-13T15:04:15.923955,2025-08-28T15:04:15.923959,3720.14
community_garden,28.531912,-110.90233,17.34,82.3,33.7,41.6,63.5,132.0,151.3,45.6,1.76,0.53,0.62,1925.0,True,False,True,06:00-22:00,94,excellent,2024-10-04T15:04:15.923971,2025-08-21T15:04:15.923975,8823.77
rooftop_garden,49.231123,-111.765981,85.11,35.0,63.4,36.1,67.5,600.6,113.9,52.7,4.32,0.47,0.85,934.0,True,False,True,06:00-22:00,613,excellent,2024-08-30T15:04:15.923988,2025-12-15T15:04:15.923991,21135.92
park,36.588671,-81.38946,3.46,42.6,46.5,29.8,94.5,889.8,184.2,88.5,1.6,0.88,0.6,1465.0,True,True,True,06:00-22:00,306,fair,2024-10-18T15:04:15.924005,2025-10-24T15:04:15.924009,17733.06
forest,35.298682,-96.233857,1.57,123.4,42.4,7.9,78.1,232.1,198.8,88.2,2.66,0.31,0.72,908.0,False,True,False,06:00-22:00,274,poor,2025-03-12T15:04:15.924022,2025-11-05T15:04:15.924025,9427.53
rooftop_garden,45.51742,-71.929717,46.05,49.0,33.7,11.7,71.2,564.3,125.5,78.9,3.81,0.63,0.53,349.0,False,True,True,06:00-22:00,857,poor,2024-12-12T15:04:15.924038,2025-10-03T15:04:15.924041,46858.02
rooftop_garden,46.720213,-80.982465,53.17,47.9,76.8,28.3,73.0,873.7,77.9,37.5,2.52,0.31,0.61,1522.0,False,True,True,06:00-22:00,540,excellent,2025-03-31T15:04:15.924055,2025-10-04T15:04:15.924058,46670.89
community_garden,48.520508,-95.699041,32.99,86.9,32.9,13.7,81.0,807.1,60.8,93.4,2.23,0.76,0.84,1645.0,True,True,False,06:00-22:00,400,fair,2024-07-11T15:04:15.924072,2025-09-12T15:04:15.924075,29281.37
community_garden,34.907266,-80.123426,10.2,53.2,72.1,19.5,86.0,597.3,186.9,49.7,2.04,0.62,0.62,1481.0,False,True,False,06:00-22:00,215,poor,2024-07-22T15:04:15.924090,2025-10-04T15:04:15.924093,6521.37
rooftop_garden,46.208261,-107.124339,86.31,114.2,57.5,26.6,93.2,891.0,72.8,93.1,1.06,0.45,0.95,754.0,True,False,True,06:00-22:00,906,excellent,2025-05-17T15:04:15.924107,2025-11-11T15:04:15.924110,39491.5
park,35.375894,-99.875598,4.47,155.7,63.8,31.9,86.8,935.5,113.6,86.6,1.31,0.79,0.86,1014.0,True,False,True,06:00-22:00,779,good,2025-03-08T15:04:15.924123,2025-09-07T15:04:15.924127,3098.35
forest,49.573859,-78.183937,67.51,96.0,29.1,27.0,86.7,360.6,90.7,35.9,2.57,0.76,0.79,1637.0,False,True,True,06:00-22:00,285,poor,2025-06-01T15:04:15.924142,2025-08-14T15:04:15.924145,8625.08
garden,28.428412,-119.469621,23.24,87.1,70.7,30.0,62.9,518.9,154.6,54.3,2.87,0.77,0.52,1909.0,False,False,True,06:00-22:00,306,fair,2025-03-31T15:04:15.924158,2025-09-03T15:04:15.924161,43583.97
park,28.723197,-87.079834,39.84,104.8,54.5,49.7,90.1,333.5,176.4,45.0,2.24,0.39,0.59,367.0,False,False,False,06:00-22:00,397,fair,2024-09-18T15:04:15.924174,2025-10-22T15:04:15.924177,18801.61
forest,33.306547,-78.100918,42.44,30.6,56.6,47.4,62.6,889.5,94.7,96.2,4.64,0.5,0.93,277.0,True,True,True,06:00-22:00,896,excellent,2024-11-25T15:04:15.924190,2025-09-08T15:04:15.924193,6133.37
community_garden,36.321049,-76.447245,9.25,88.4,22.8,26.7,76.4,233.0,108.9,73.8,2.62,0.77,0.69,1005.0,True,True,False,06:00-22:00,189,excellent,2025-06-05T15:04:15.924206,2025-10-31T15:04:15.924210,11408.77
garden,41.200747,-85.544786,12.27,184.8,39.9,17.4,89.8,509.9,158.2,75.7,3.92,0.83,0.76,561.0,False,True,True,06:00-22:00,637,good,2025-02-13T15:04:15.924225,2025-12-27T15:04:15.924228,6149.02
rooftop_garden,38.183607,-113.731343,38.09,199.9,67.6,23.5,92.4,171.6,77.5,68.4,1.45,0.64,0.96,139.0,True,False,True,06:00-22:00,815,poor,2025-06-17T15:04:15.924241,2025-12-29T15:04:15.924244,45847.17
rooftop_garden,49.583622,-105.991378,56.82,139.6,66.4,9.4,86.5,587.5,190.0,24.6,4.33,0.42,0.79,557.0,True,True,True,06:00-22:00,339,poor,2025-04-22T15:04:15.924257,2025-09-23T15:04:15.924260,29797.76
garden,25.887813,-100.733046,12.31,163.3,31.7,30.1,88.3,293.5,174.1,63.1,1.63,0.61,0.63,492.0,True,False,True,06:00-22:00,705,good,2024-12-04T15:04:15.924275,2025-11-05T15:04:15.924278,38982.43
rooftop_garden,49.646215,-110.675011,72.35,115.2,58.0,26.5,82.5,274.3,65.2,70.4,4.12,0.53,0.95,974.0,True,False,False,06:00-22:00,972,fair,2024-12-01T15:04:15.924291,2025-08-12T15:04:15.924295,15191.01
garden,45.793832,-119.404647,83.82,53.7,42.5,10.2,90.9,591.6,128.1,27.7,2.35,0.84,0.99,1111.0,True,False,True,06:00-22:00,286,good,2025-05-09T15:04:15.924308,2025-08-23T15:04:15.924311,23516.6
garden,48.032316,-104.12634,5.5,104.3,22.5,8.8,73.3,754.2,198.0,68.9,4.92,0.39,0.63,1255.0,True,False,True,06:00-22:00,822,good,2025-02-01T15:04:15.924325,2025-12-22T15:04:15.924329,8297.78
rooftop_garden,37.93233,-77.215898,67.44,70.2,33.7,16.9,70.2,377.5,66.0,49.0,1.91,0.82,0.74,1240.0,True,True,False,06:00-22:00,765,poor,2024-10-16T15:04:15.924342,2025-12-27T15:04:15.924345,23575.59
garden,48.727163,-84.838349,33.35,42.9,44.5,41.7,83.0,759.3,133.9,51.3,3.38,0.36,0.72,437.0,False,True,True,06:00-22:00,667,excellent,2025-03-14T15:04:15.924359,2025-09-11T15:04:15.924361,44650.99
garden,42.033932,-71.748701,74.48,34.1,62.9,13.2,87.8,596.1,139.7,96.0,3.95,0.46,0.86,1154.0,False,True,True,06:00-22:00,659,good,2025-03-24T15:04:15.924375,2025-12-27T15:04:15.924378,34163.65
park,49.800324,-86.82313,41.98,197.2,49.3,46.6,75.4,301.1,53.9,75.5,2.37,0.79,0.91,627.0,True,True,True,06:00-22:00,794,poor,2024-11-17T15:04:15.924391,2025-12-31T15:04:15.924394,12510.89
community_garden,32.707748,-84.574287,74.16,31.4,66.4,15.2,92.6,126.8,97.3,95.2,4.26,0.78,0.74,1546.0,True,False,True,06:00-22:00,162,fair,2025-01-06T15:04:15.924410,2025-12-19T15:04:15.924414,2237.89
wetland,32.808835,-83.218609,43.42,64.7,57.0,13.2,92.2,224.4,52.7,41.6,3.86,0.88,0.56,1911.0,False,True,False,06:00-22:00,840,excellent,2025-03-18T15:04:15.924428,2025-09-18T15:04:15.924431,10968.32
garden,30.864163,-101.283075,6.9,67.7,23.2,9.2,76.8,609.0,57.2,76.2,3.07,0.61,0.92,680.0,True,True,False,06:00-22:00,852,excellent,2024-09-01T15:04:15.924446,2025-10-26T15:04:15.924449,34521.74
garden,48.891804,-113.152108,47.05,49.9,76.6,14.5,79.7,541.4,128.7,68.4,1.84,0.63,0.59,777.0,True,False,False,06:00-22:00,394,poor,2025-05-07T15:04:15.924462,2026-01-04T15:04:15.924465,29017.77
community_garden,28.312706,-89.43476,55.43,77.1,30.2,25.1,70.8,589.6,59.4,47.3,4.07,0.58,0.51,873.0,False,False,True,06:00-22:00,639,poor,2025-04-15T15:04:15.924479,2025-08-10T15:04:15.924482,2015.71
garden,39.288555,-70.889655,38.06,176.9,68.9,17.4,61.6,613.4,149.6,63.6,2.04,0.69,0.6,680.0,True,False,False,06:00-22:00,158,good,2025-03-19T15:04:15.924496,2025-08-31T15:04:15.924499,44316.03
rooftop_garden,36.046972,-76.550146,75.7,123.8,66.2,6.8,86.7,248.0,132.4,83.9,2.16,0.44,0.56,689.0,True,True,True,06:00-22:00,458,good,2025-04-06T15:04:15.924512,2025-10-02T15:04:15.924515,2190.1
community_garden,42.946614,-96.142128,28.92,119.4,52.1,42.4,86.1,778.5,142.8,31.0,2.5,0.7,0.63,1168.0,False,False,False,06:00-22:00,701,poor,2025-04-10T15:04:15.924530,2025-09-29T15:04:15.924534,38944.62
rooftop_garden,37.174074,-99.567738,38.73,88.1,43.4,26.4,67.9,325.7,62.4,88.9,4.17,0.37,0.81,1731.0,False,True,False,06:00-22:00,959,fair,2025-06-01T15:04:15.924548,2025-12-09T15:04:15.924551,13070.57
wetland,37.765664,-105.242997,88.56,119.4,47.8,36.4,91.3,278.5,92.4,41.6,2.07,0.89,0.74,1463.0,True,True,False,06:00-22:00,900,poor,2025-01-24T15:04:15.924564,2025-09-10T15:04:15.924567,22472.72
garden,47.938175,-94.611376,61.5,190.1,55.1,7.2,65.3,766.0,93.2,56.4,1.75,0.55,0.58,144.0,True,True,True,06:00-22:00,688,fair,2025-01-27T15:04:15.924581,2025-12-22T15:04:15.924584,7958.82
park,49.018,-110.158517,92.7,138.9,74.3,26.4,68.2,671.8,154.6,87.4,2.82,0.6,0.97,1667.0,True,False,False,06:00-22:00,118,excellent,2024-09-13T15:04:15.924597,2025-09-02T15:04:15.924601,19661.72
park,44.367725,-118.380636,22.73,70.6,38.8,37.2,69.4,672.3,81.5,38.8,4.71,0.78,0.9,1495.0,True,True,False,06:00-22:00,66,fair,2025-02-03T15:04:15.924615,2025-11-03T15:04:15.924618,14102.45
park,27.891619,-100.073826,74.42,55.1,64.9,8.6,62.2,974.9,65.8,50.9,2.26,0.69,0.54,1040.0,False,False,True,06:00-22:00,927,good,2024-11-25T15:04:15.924632,2025-11-22T15:04:15.924635,46057.56
wetland,25.725823,-85.05678,33.16,79.6,47.4,39.5,89.5,224.8,75.0,40.3,3.9,0.69,0.78,1357.0,False,True,False,06:00-22:00,697,good,2025-02-12T15:04:15.924649,2025-11-28T15:04:15.924652,41049.6
wetland,40.495207,-83.422408,44.1,15.6,50.0,43.3,65.4,748.3,110.9,27.0,3.38,0.8,0.53,908.0,True,True,False,06:00-22:00,145,excellent,2024-10-21T15:04:15.924668,2025-10-19T15:04:15.924671,41300.37
garden,27.007343,-73.299609,83.77,185.2,57.3,47.6,75.1,298.0,190.3,63.9,4.8,0.67,0.82,148.0,False,False,True,06:00-22:00,522,good,2024-09-04T15:04:15.924687,2025-11-30T15:04:15.924691,17900.48
garden,42.123185,-106.455885,42.07,46.4,25.1,22.1,81.8,989.5,129.4,77.4,1.66,0.45,0.99,1842.0,False,True,True,06:00-22:00,238,excellent,2024-10-25T15:04:15.924704,2025-09-18T15:04:15.924708,20119.41
forest,42.770413,-118.238999,90.07,32.0,47.7,18.1,93.4,940.4,115.6,80.4,3.63,0.32,0.83,218.0,False,False,True,06:00-22:00,739,good,2024-08-04T15:04:15.924721,2025-11-03T15:04:15.924724,28282.26
forest,44.780798,-113.441869,52.26,186.5,38.7,7.7,90.8,852.5,118.7,92.9,1.61,0.68,0.69,379.0,False,True,True,06:00-22:00,658,excellent,2024-10-03T15:04:15.924737,2025-10-17T15:04:15.924740,1161.75
wetland,29.268108,-103.928284,96.67,37.8,31.3,34.2,64.2,488.8,169.4,58.6,2.49,0.35,0.72,1210.0,False,True,True,06:00-22:00,875,poor,2024-09-03T15:04:15.924753,2025-08-12T15:04:15.924756,35498.47
community_garden,46.375144,-111.865857,71.8,45.5,62.9,44.5,85.2,412.5,146.9,69.0,4.67,0.58,0.85,847.0,False,True,False,06:00-22:00,834,fair,2024-11-21T15:04:15.924769,2025-10-12T15:04:15.924772,4636.47
forest,40.153097,-106.635103,10.71,184.2,56.1,29.0,94.0,684.6,55.2,79.9,1.83,0.57,0.54,1434.0,False,True,False,06:00-22:00,855,fair,2025-04-10T15:04:15.924786,2025-12-05T15:04:15.924789,27540.9
park,30.720589,-93.876347,3.75,136.9,23.8,44.4,60.4,743.0,67.0,52.0,2.7,0.68,0.63,1832.0,False,True,False,06:00-22:00,385,poor,2024-12-03T15:04:15.924802,2025-11-24T15:04:15.924805,5934.88
rooftop_garden,26.383788,-118.756663,49.75,130.0,33.2,22.6,68.9,656.4,144.5,52.2,4.25,0.88,0.96,1227.0,False,False,True,06:00-22:00,960,good,2025-01-08T15:04:15.924821,2025-12-09T15:04:15.924824,1657.7
garden,42.686787,-99.889649,80.84,167.6,64.3,12.4,88.5,184.0,144.4,48.8,1.51,0.78,0.89,318.0,False,True,False,06:00-22:00,432,good,2025-02-05T15:04:15.924837,2025-12-21T15:04:15.924840,7350.75
community_garden,30.689313,-79.837793,73.36,159.7,64.7,17.0,81.2,934.1,184.8,81.1,4.63,0.45,0.7,1126.0,False,False,True,06:00-22:00,151,fair,2025-06-09T15:04:15.924852,2025-11-23T15:04:15.924855,36948.66
community_garden,36.367628,-102.178534,11.26,144.2,67.5,10.5,70.6,797.7,146.8,24.6,1.97,0.85,0.51,348.0,False,False,False,06:00-22:00,304,poor,2025-01-25T15:04:15.924869,2025-09-01T15:04:15.924872,30612.35
forest,41.097781,-93.878471,25.25,12.1,33.1,15.5,62.9,934.4,87.5,61.6,3.59,0.71,0.87,197.0,True,False,True,06:00-22:00,284,fair,2024-11-15T15:04:15.924885,2026-01-04T15:04:15.924888,11830.22
wetland,38.070332,-109.50823,22.98,104.3,60.1,11.1,87.1,788.4,120.0,72.3,3.14,0.86,0.75,1238.0,False,False,False,06:00-22:00,825,fair,2024-09-19T15:04:15.924901,2025-10-29T15:04:15.924904,49975.81
garden,25.489263,-96.946502,91.7,47.5,59.2,32.1,60.5,338.0,129.5,49.8,1.23,0.52,0.88,402.0,False,False,True,06:00-22:00,306,fair,2025-02-03T15:04:15.924917,2025-11-03T15:04:15.924921,7097.05
park,49.176049,-104.652938,18.94,27.8,44.8,24.1,89.5,346.0,115.3,32.6,1.46,0.52,0.81,1714.0,False,True,False,06:00-22:00,735,good,2025-05-29T15:04:15.924934,2025-08-09T15:04:15.924937,42685.0
rooftop_garden,26.892502,-87.777839,4.96,56.1,75.3,34.0,60.2,279.1,70.1,48.1,4.45,0.51,0.92,1893.0,True,False,True,06:00-22:00,376,fair,2024-12-03T15:04:15.924952,2025-12-26T15:04:15.924955,46013.46
park,31.804457,-85.909598,89.86,124.4,34.3,27.7,89.9,706.3,79.7,55.8,2.76,0.47,0.64,1817.0,False,True,False,06:00-22:00,321,excellent,2024-12-03T15:04:15.925009,2025-11-25T15:04:15.925013,49858.79
forest,40.50105,-103.745199,84.86,60.2,66.4,41.4,83.6,308.1,97.5,94.2,2.98,0.39,0.54,1157.0,True,True,False,06:00-22:00,973,excellent,2025-03-12T15:04:15.925026,2026-01-06T15:04:15.925030,44802.97
wetland,37.826018,-107.777929,3.31,151.3,79.2,13.1,68.3,388.7,110.7,99.3,3.31,0.53,0.59,867.0,True,True,True,06:00-22:00,160,excellent,2025-02-19T15:04:15.925043,2025-08-28T15:04:15.925047,26187.96
wetland,40.944687,-75.535668,87.96,85.9,26.1,15.2,63.3,237.2,73.5,82.6,2.04,0.89,0.57,1519.0,True,False,False,06:00-22:00,118,poor,2025-05-24T15:04:15.925060,2025-08-21T15:04:15.925063,1218.65
forest,49.709052,-94.783902,17.14,102.7,20.5,7.5,84.9,906.6,99.4,73.4,1.11,0.89,0.72,909.0,False,True,False,06:00-22:00,533,excellent,2025-06-15T15:04:15.925077,2025-08-25T15:04:15.925081,13454.55
wetland,44.464966,-107.269788,40.12,152.0,28.0,39.2,71.2,195.8,64.5,47.4,4.41,0.89,0.58,573.0,False,False,True,06:00-22:00,785,excellent,2024-08-16T15:04:15.925094,2025-12-18T15:04:15.925097,36601.54
forest,27.358253,-108.821196,86.96,132.0,61.0,14.2,61.3,702.2,154.4,25.2,1.16,0.45,0.74,1702.0,True,True,True,06:00-22:00,194,fair,2025-02-18T15:04:15.925110,2025-10-14T15:04:15.925113,32292.19
forest,34.661424,-98.203985,15.01,42.0,30.4,11.8,75.3,413.7,138.5,79.0,2.27,0.9,0.6,1561.0,True,True,True,06:00-22:00,762,fair,2025-05-07T15:04:15.925129,2025-08-16T15:04:15.925133,14934.26
community_garden,45.347517,-99.416624,12.88,178.5,61.2,5.3,75.5,665.1,135.1,77.6,1.6,0.49,0.98,1162.0,True,False,True,06:00-22:00,80,excellent,2025-01-18T15:04:15.925146,2025-12-01T15:04:15.925149,14184.24
rooftop_garden,32.584951,-91.287326,81.58,146.9,56.6,21.1,74.8,963.7,159.1,55.1,3.51,0.32,0.9,1735.0,True,False,False,06:00-22:00,657,fair,2024-11-18T15:04:15.925163,2025-10-28T15:04:15.925166,40354.7
wetland,42.94425,-77.994331,39.85,130.0,59.5,38.7,72.4,128.1,66.6,26.2,3.04,0.4,0.87,1483.0,True,True,True,06:00-22:00,771,good,2024-08-29T15:04:15.925179,2025-10-08T15:04:15.925182,14847.65
wetland,26.640612,-94.253969,97.17,32.7,40.5,28.2,87.6,601.6,187.4,28.2,2.73,0.62,0.88,1770.0,True,True,False,06:00-22:00,100,fair,2024-07-16T15:04:15.925196,2025-10-23T15:04:15.925199,46025.6
wetland,33.037551,-114.076045,11.53,106.1,70.9,23.3,88.8,704.7,54.6,46.5,1.99,0.35,0.71,901.0,True,True,True,06:00-22:00,381,good,2024-09-28T15:04:15.925212,2025-10-21T15:04:15.925215,4045.27
park,28.670494,-89.33485,29.38,148.5,40.1,35.0,72.8,914.3,194.2,36.0,2.49,0.38,0.75,1836.0,False,True,False,06:00-22:00,212,poor,2024-11-27T15:04:15.925228,2025-12-04T15:04:15.925231,38321.86
rooftop_garden,36.849244,-105.213859,9.14,157.9,20.6,10.7,89.9,951.0,85.0,33.3,2.42,0.5,0.72,1238.0,True,True,False,06:00-22:00,468,good,2025-02-01T15:04:15.925246,2025-12-26T15:04:15.925249,5198.22
forest,33.312055,-106.427936,8.75,158.3,38.3,49.3,62.6,461.8,176.3,69.0,2.3,0.82,0.82,935.0,True,True,True,06:00-22:00,579,excellent,2024-12-30T15:04:15.925264,2025-10-20T15:04:15.925268,20484.52
community_garden,48.152193,-109.537932,34.81,13.6,64.3,22.1,79.4,911.0,110.8,89.8,1.03,0.52,0.91,604.0,False,False,True,06:00-22:00,365,fair,2024-07-18T15:04:15.925280,2025-10-14T15:04:15.925284,44162.89
wetland,37.907926,-77.951188,24.88,170.3,70.4,22.3,84.7,399.2,172.9,74.5,2.46,0.72,0.96,615.0,False,False,True,06:00-22:00,708,poor,2024-11-23T15:04:15.925297,2025-10-15T15:04:15.925300,47616.13
